"580317556516483072","24 Mar 2015 10:37:41","breaking got reports crash could airbus a320 germanwings barcelona dusseldorf","3"
"580317998147325952","24 Mar 2015 10:39:27","people board germanwings airbus a320 crashed southern france","0"
"580318020192571392","24 Mar 2015 10:39:32","breaking germanwings a320 crash southern france","1"
"580318210609696769","24 Mar 2015 10:40:17","breaking germanwings airbus a320 plane reportedly crashed region digne french alps flightradar24 french tv itele","1"
"580318669483413504","24 Mar 2015 10:42:07","sad news plane crashed southern france httptco2k5cklkrzz germanwings","1"
"580318717860532224","24 Mar 2015 10:42:18","airbus passenger plane crashed french alps said belong lufthansa subsidiary germanwings flying barcelonedusseldorf","3"
"580318938996740096","24 Mar 2015 10:43:11","passengers board germanwings plane crashed french alps according afp","0"
"580319005703069696","24 Mar 2015 10:43:27","several european news agencies reporting accident involving germanwings airbus a320 southern france developing breaking","1"
"580319078155468800","24 Mar 2015 10:43:44","germanwings airbus a320 crashes french alps near digne httptcoynlwbnjmyi","1"
"580319116302647297","24 Mar 2015 10:43:53","breaking a320 crashed could germanwings flight 4u9525 barcelona dusseldorf httptcofjvy7woj4t","3"
"580319184652890113","24 Mar 2015 10:44:10","breaking passengers board germanwings airbus a320 crashed southern french alps httptcovxxvru9xmv","0"
"580319206400475136","24 Mar 2015 10:44:15","french police confirmed airbus operated germanwings crashed southern france","1"
"580319458004193280","24 Mar 2015 10:45:15","breaking germanwings a320 crashed french alps passengers board 9newsaus","1"
"580319651399385088","24 Mar 2015 10:46:01","get reports germanwings a320 crash flight 4u9525 lost flightradar24 feet near digne southern france","1"
"580319856496644096","24 Mar 2015 10:46:50","breaking reports germanwings airbus a320 crashed french alps come 9news httptcopfeivim9po","1"
"580319968484421633","24 Mar 2015 10:47:16","germanwings a320 crashed en route dusseldorf flight radar last known position 4u9525 httptcofri93nryff","1"
"580319983676313601","24 Mar 2015 10:47:20","ltimahora es tracta dun aparell de germanwings amb passatgers bord httptcoht5bhpuguv","None"
"580319999887347712","24 Mar 2015 10:47:24","germanwings flight 4u9525 registration daipx lost flightradar24 feet utc time httptcovzaqmullaz","3"
"580320161082830848","24 Mar 2015 10:48:02","breaking airbus a320 crashes southern france people board germanwings httptcosurctxrgsu","0"
"580320242020290560","24 Mar 2015 10:48:22","breaking148passengers board germanwings airbus a320 crashed southern french alpsmay protect themameen","0"
"580320267777511425","24 Mar 2015 10:48:28","flight 4u9525 flight barcelona dusseldorfstd 35atd 00sta 55signal lost 41httptcofhox6q0ght","3"
"580320329203093504","24 Mar 2015 10:48:42","a320 germanwings flight 4u9525 registration daipx lost flightradar24 feet utc time httptco5gv9lxjzw8","3"
"580320563891019776","24 Mar 2015 10:49:38","breaking germanwings airbus a320 crashes french alps via bbcbreaking","1"
"580320612155060224","24 Mar 2015 10:49:50","last position germanwings flight 4u9525 utchttptcofhox6q0ght httptco72pxgkolrm","3"
"580320645906632704","24 Mar 2015 10:49:58","update crash germanwings 4u9525 crash a320 disappeared utc radar httptcogrujocxkr9 httptcohwrvdd24ac","3"
"580320684305416192","24 Mar 2015 10:50:07","accident aircraft looks germanwings airline code 4u gwi flight barcelona dusseldorf 4u9525 httptcotizc1n1zrk","3"
"580320745974288384","24 Mar 2015 10:50:22","breaking germanwings a320 crashed france german officials confirm nbcnews","1"
"580320825351471104","24 Mar 2015 10:50:41","breaking news a320 crashed could germanwings flight 4u9525 barcelona dusseldorf passengers","3"
"580320856561209344","24 Mar 2015 10:50:48","breaking lufthansas germanwings plane crashes southern france report","1"
"580320856905269248","24 Mar 2015 10:50:48","a320 germanwings barcelona dusseldorf crashed french alps near digne les bains","1"
"580320890086383616","24 Mar 2015 10:50:56","reports plane crash near french alps germanwings a320 httptcowdso9euyhp httptcompnenahmaw","1"
"580320893668364288","24 Mar 2015 10:50:57","terrible news airbus a320 barcelona dusseldorf crashed france germanwings flight httptcoc3zpwz5bif","3"
"580320945740480512","24 Mar 2015 10:51:09","breaking germanwings airbus a320 plane crashed southern france police aviation officials say","1"
"580320964875014145","24 Mar 2015 10:51:14","airbus plane operated lufthansas germanwings airline crashes southern france officials say reuters httptcoby471nazfg","1"
"580320995266936832","24 Mar 2015 10:51:21","breaking germanwings airbus a320 crashed french alps near digne ahronyoung","1"
"580321156508577792","24 Mar 2015 10:52:00","hearing passengers crew board a320 crashed southern french alps germanwings flight bbcworld","0"
"580321169271877632","24 Mar 2015 10:52:03","breaking a320 owned lufthansa affiliate germanwings travelling barcelona dusseldorf went french alps","3"
"580321203757387776","24 Mar 2015 10:52:11","route map shared httptcolzkoxadhka 4u9525 httpstcohq8kbp2aus","2"
"580321317527879680","24 Mar 2015 10:52:38","germanwings airbus a320 en route barcleona dusseldorf crashes southern french alps people board httptcodqxzqflg9u","0"
"580321327845765120","24 Mar 2015 10:52:41","breaking lufthansa germanwings airbus jet carrying people crashed southern france en route barcelona duesseldorf","0"
"580321350750990336","24 Mar 2015 10:52:46","hashtags 4u9525 germanwings a320 useful latest info plane crash southern france","1"
"580321372703985664","24 Mar 2015 10:52:51","airbus a320 lost flightradar24 feet utc time germanwings httptcowkhajih6pq httptcon4vtej13ff","3"
"580321844089212928","24 Mar 2015 10:54:44","breaking airbus a320 passengers crew members crashes digne france 4u9525 httptcoxtmaa9mav2 httptcoadaeppzdmy","0"
"580321925265788928","24 Mar 2015 10:55:03","airbus a320 crashed southern france operated germanwings carrying passengers pilots crew httptcoxwkpmoftd9","0"
"580321948070240256","24 Mar 2015 10:55:08","last position reports germanwings plane shows rapid descent httptcoohjaeeyvok","1"
"580322005280493568","24 Mar 2015 10:55:22","french prime minister confirming plane crash via afneil 4u9525","1"
"580322026029654018","24 Mar 2015 10:55:27","pray 4u9525 httptcoii7rl24ffh","2"
"580322066374721537","24 Mar 2015 10:55:37","german wings airbus a320 4u9525 lost flightradar24 ft utc time updates httptcoxtmaa9mav2 httptcovwzmbhcusn","3"
"580322102307373056","24 Mar 2015 10:55:45","airbus a320 4u9525 crash flight tracking data httptco9w6hftgyqv airbus httptcorchxqsoqdj","2"
"580322332348190720","24 Mar 2015 10:56:40","flightradar24 planes last position 4u9525 httpstcokffo4s4n6g","2"
"580322346508124160","24 Mar 2015 10:56:43","germanwings a320 plane crashes southern france french prime minister says soon httptcok6pv4oscqi","1"
"580322349569994752","24 Mar 2015 10:56:44","germanwings a320 plane crashes southern france french prime minister says soon httptcocbkn5dn40h","1"
"580322453928431617","24 Mar 2015 10:57:09","german wings airline tweeting reports plane crashing french alps board germanwings httptcosqurmcvnkt","0"
"580322653472493569","24 Mar 2015 10:57:57","image flightradar24 planes last position 4u9525 httptcocieayj4aof bbcrosatkins","2"
"580322782392762368","24 Mar 2015 10:58:27","breaking germanwings airplane crashes french alps passengers httptcov44gsbmto0 httptcoi3t8rnan5b","0"
"580322927679279105","24 Mar 2015 10:59:02","breaking german air traffic control confirms nbc news germanwings flight crashed france httptcoqbf4skltcx","1"
"580323060533764097","24 Mar 2015 10:59:34","germanwings passenger plane crashes france httptcobsjhggmchg","1"
"580323152103911424","24 Mar 2015 10:59:56","last position germanwings a320 via flightradar24 httptcokj5f9vlnqs","2"
"580323165068509184","24 Mar 2015 10:59:59","germanwings plane crash airbus a320 crashes french alps board latest updates httptco5k1zxwqxh0 httptcovzstx3iozk","0"
"580323315614543873","24 Mar 2015 11:00:34","breaking news germanwings airbus a320 carrying people board crashed officials say httptcopkiivwkpwu","0"
"580323456996282369","24 Mar 2015 11:01:08","germanwings a322 4u9525 bcndus least passengers crashed today utc httptcol7wtodurt7","3"
"580323498905702400","24 Mar 2015 11:01:18","germanwings a320 daipx one oldest a320 serial number delivered nov 4u9525 httptcosw9ykvwtnw","2"
"580323815261016064","24 Mar 2015 11:02:34","pilot send sos message saying plane distress billneelynbc reporting germanwings plane crash","0"
"580323877429112832","24 Mar 2015 11:02:48","last positions germanwings flight plotted map httptcoux5g1gygx7","2"
"580323946899214336","24 Mar 2015 11:03:05","airbus plane operated lufthansas germanwings budget airline crashes southern france officials","2"
"580323992843718656","24 Mar 2015 11:03:16","breaking last positions germanwings flight plotted map httptcowrydexwnpv planefinder","2"
"580324027715063808","24 Mar 2015 11:03:24","germanwings plane crashes southern france feared dead httptcogizjxnqbu3","1"
"580324338865430528","24 Mar 2015 11:04:38","playback flight 4u9525 available httptcofhox6q0ghtpictures httptcovwg2skc75j httptcoe4d5tx8n1x","2"
"580324697415360512","24 Mar 2015 11:06:04","french president franois hollande states survivors expected germanwings 4u9525 crash","1"
"580324721381740544","24 Mar 2015 11:06:10","breaking germanwings a320 barcelona dusseldorf sent distress call local time","0"
"580324804403818496","24 Mar 2015 11:06:29","airbus a320 plane operated germanwings crashed france near digne les bains french prime minister says httptcoiwelbpmihs","2"
"580324933525467136","24 Mar 2015 11:07:00","4u9525 jet belonged germanwings lowcost authorities confrm crash debris found httptcozu6hn03xzu httptco0ywienatjt","2"
"580324985148932097","24 Mar 2015 11:07:13","update germanwings a320 barcelona dusseldorf sent distress call local time skymarkwhite","0"
"580325043705667586","24 Mar 2015 11:07:26","frances transport minister says distress signal sent germanwings plane patthomas europe1 httptcoby471nazfg","0"
"580325090367315968","24 Mar 2015 11:07:38","flight 4u9525 initially climbed feet started descend lost signal feet httptcomthxq232hn","3"
"580325235653799936","24 Mar 2015 11:08:12","flight 4u9525 climbed feet started descend lost signal 800ft flightradar24 httptcocig4wqg5cu","3"
"580325243631321088","24 Mar 2015 11:08:14","germanwings airbus a320 crashes french alps know httptco3xksctffwt httptcougwghzvbhr","2"
"580325458870460416","24 Mar 2015 11:09:05","4u9525 update people board passengers crew members httptcoccqwjzwpyz","1"
"580325486477357056","24 Mar 2015 11:09:12","breaking germanwings airbus a320 en route barcelona dusseldorf crashes southern french alps french pm httptcouhedxevtkx","2"
"580325714567806976","24 Mar 2015 11:10:06","french president hollande says expects survivors germanwings plane crash passengers reportedly onboard","1"
"580325799078793216","24 Mar 2015 11:10:27","flight 4u9525 descending rate feet per minute quite standard airport approach","1"
"580326012749221890","24 Mar 2015 11:11:18","passengers crew feared dead a320 plane crashes southern france httptcoh3yacxhtjk 4u9525 follow","1"
"580326045238333441","24 Mar 2015 11:11:25","update french president franois hollande said survivors expected germanwings plane crash france 9news","1"
"580326073776357376","24 Mar 2015 11:11:32","french pm fears passengers died germanwings flight 4u9525 crashed french alpsairbus a320 httptcohpcgztf2qd","1"
"580326111311171584","24 Mar 2015 11:11:41","breaking french president francois hollande says apparently survivors germanwings crash least passengers plane","1"
"580326222107951104","24 Mar 2015 11:12:07","heart goes passengers crew germanwings airbus a320 crashed french alps southern france httptcok7fmjlrt4g","0"
"580326370640818176","24 Mar 2015 11:12:43","playback flight 4u9525 speed altitude graph available httptcofhox6q0ght httptcoamfkbbdeok","2"
"580326398620934144","24 Mar 2015 11:12:50","flightradar24 altitude amp speed chart 4u9525 aircraft entered steep constant descent httptcohl7ivhzcmy","1"
"580326473803767808","24 Mar 2015 11:13:07","breaking germanwings jetliner crashed southeastern france according officials board feared dead","0"
"580326744357515264","24 Mar 2015 11:14:12","speed altitude graph 4u9525 flightradar24 scary stuff shows impacted ground 400kts httptco2zybh4miih","2"
"580326762673901568","24 Mar 2015 11:14:16","germanwings plane crashes french alps people httptcopg3bpbv7r1","0"
"580326807704088576","24 Mar 2015 11:14:27","germanwings airbusa320 headed barcelona spain dusseldorf germany french prime minister said httptcoiwelbpmihs","3"
"580326871302316033","24 Mar 2015 11:14:42","image flightradar24 altitude amp speed chart 4u9525 aircraft entered steep constant descent httptcomog0h2dvaq","1"
"580326978546495488","24 Mar 2015 11:15:08","likely therell survivors germanwings crash french president francois hollande says follow coverage httptcokh4zkclfml","2"
"580327058158551041","24 Mar 2015 11:15:27","update flightradar24 altitude amp speed chart 4u9525 httptcowgxzmtdvdi httptcopfdvdiov0e","2"
"580327197921120256","24 Mar 2015 11:16:00","reports crashed germanwings plane carrying people including passengers two pilots four flight attendants","0"
"580327336505176064","24 Mar 2015 11:16:33","germanwings plane crashes france feared dead httptcon44i07mnoh","1"
"580327418084364288","24 Mar 2015 11:16:53","route germanwings airbus a320 plane crashed updates alpscrash httptcol8qr5lp1c1 httptcovg7819orud","2"
"580327576218046464","24 Mar 2015 11:17:30","breaking news germanwings flight gwi18g crashes french alps httptcov8ysstebhr httptcoga8zdguq30","2"
"580327611760545792","24 Mar 2015 11:17:39","developing flight log gwi9525s airbus a320 last recorded movements germanwings httptcogkbze2mtkx","2"
"580327625626927104","24 Mar 2015 11:17:42","location germanwings plane crash httptco9a9zldn4o7","2"
"580327626419482624","24 Mar 2015 11:17:42","alert frances transport minister says distress signal sent germanwings plane patthomas europe1 httptconi7bjyj52i","0"
"580327692765151232","24 Mar 2015 11:17:58","germanwings crash plane lost signal feet flight radar shows httptcoajqxaenysb httptcocgu1gqkyqk","3"
"580327924978569216","24 Mar 2015 11:18:53","germanwings plane crash a320 sent distress signal crashing french alps httptcou4yg4ndybo httptco6tmygkoetx","0"
"580327960638521344","24 Mar 2015 11:19:02","know germanwings flight 4u9525 httptco9ov6x1lrrf httptcozfahuwpx4b","2"
"580328000400564225","24 Mar 2015 11:19:11","photo file photo shows germanwings airbus parked airport duesseldorf germany httptcoxegdvcuco9","2"
"580328029852856320","24 Mar 2015 11:19:18","fox news alert germanwings airbus a320 years old traveling barcelona dusseldorf httptcoovbeteybmt","2"
"580328132932022272","24 Mar 2015 11:19:43","4u9525 age a320 years particularly unusual though higher end curve","2"
"580328198564651008","24 Mar 2015 11:19:59","playback flight 4u9525 speed altitude graph available httptcomoqyh9kurl httptcoj084cuaebe via flightradar24","2"
"580328297462140928","24 Mar 2015 11:20:22","germanwings airbus a320 flight travelling spain germany crashed httptcoedoh4had7w httptcoodxfhtawy9","2"
"580328302939889664","24 Mar 2015 11:20:24","rip sincere condolences germanwings colleagues families httptcoht8srgxkz2","2"
"580328463585841153","24 Mar 2015 11:21:02","germanwings airbus a320 crashes french alps live updates httptcozchyzhuq6y","2"
"580328535790907392","24 Mar 2015 11:21:19","thoughts amp prayers loved ones passengers onboard germanwings 4u9525 airbusa320 horrendous tragedy","2"
"580328565255852032","24 Mar 2015 11:21:26","a320 germanwings plane crash majority victims likely german says french president httptcou4yg4ndybo httptcoehb2uetmxi","2"
"580328582993616896","24 Mar 2015 11:21:30","a320 search amp rescue teams said heading crash site molansrevel french alpsgermanwings httptcogkbze2mtkx","2"
"580328617713897472","24 Mar 2015 11:21:39","french pm says passengers crew germanwings plane crash feared dead httptcoon24gtcyyv","1"
"580328708675887104","24 Mar 2015 11:22:00","details germanwings airbus a320 crashes near small town barcelonnette alpesdehauteprovence 4u9525 httptcozu6hn03xzu","2"
"580328783619579904","24 Mar 2015 11:22:18","received news germanwings airbus a320 plane crashed southern france carrying passengers amp crew onboard","0"
"580328848774045696","24 Mar 2015 11:22:34","know germanwings airbus a320 plane crash far httptcodsznmtglun httptco0x1mgybyk8","2"
"580329096024047616","24 Mar 2015 11:23:33","ive heard news germanwings plane crashthoughts go involved","2"
"580329111064686592","24 Mar 2015 11:23:36","cnn france24 anchor asking whether normal planes would fly mountains 4u9525 httptcofr6egjbfkq","2"
"580329153553141760","24 Mar 2015 11:23:46","update crash know germanwings 4u9525 airbus a320 plane crash far httptcoah5h6qxirp","2"
"580329206158127104","24 Mar 2015 11:23:59","breaking hollande expresses solidarity families a320 airbus victims germanwings httptcogkbze2mtkx httptco1jncosts1q","2"
"580329219646988289","24 Mar 2015 11:24:02","last position germanwings airbus a320 passenger jet crashed french alps httptco8upmsinqkx httptcok3etnepmxk","2"
"580329265251536896","24 Mar 2015 11:24:13","germanwings plane crashes southern france httptcoy4vqlg5rl8","2"
"580329455173967872","24 Mar 2015 11:24:58","pilots crashed germanwings flight declared emergency plane fell rapidly httptco9yonrfres3","0"
"580329560350183424","24 Mar 2015 11:25:23","breaking plane flying form barcelona frankfurt crashes france people board germanwings httptcowjao0lztp2","0"
"580329747416113152","24 Mar 2015 11:26:08","video breaking news germanwings plane crashes en route barcelona dusseldorf httptco0ldgzfsu5w httptcoe7tb0eenhi","2"
"580329796527366144","24 Mar 2015 11:26:20","rt flightradar24 playback flight 4u9525 speed altitude graph available httptconghgfs1e0a httptco9wogkx8rgt","2"
"580329875891974145","24 Mar 2015 11:26:39","germanwings airbus a320 crashes french alps flightradar data shows flight 4u9525 rapid descent httptcowcnahoncnq","1"
"580329886532968448","24 Mar 2015 11:26:41","passenger plane carrying people crashes french alps en route spain germanygermanwings","0"
"580329935601958912","24 Mar 2015 11:26:53","point flightradar24 last tracked germanwings 4u9525 metres httpstco2blirw3saf httptcozknvhxsxb7","2"
"580329937573302272","24 Mar 2015 11:26:53","news germanwings flight crashes south france httptcoiy99ucfqq0","2"
"580330064384028673","24 Mar 2015 11:27:24","thoughts people missing germanwings flight families","2"
"580330078682353665","24 Mar 2015 11:27:27","last position report 275ft ground level 300ft 4u9525","2"
"580330104846475264","24 Mar 2015 11:27:33","seeing painful speculation early little known stay calm care victims families gather true info 4u9525","2"
"580330161725255681","24 Mar 2015 11:27:47","germanwings crash french interior minister bernard cazeneuve says debris plane already found httptcohhgn2s6out","2"
"580330302251393024","24 Mar 2015 11:28:20","breaking germanwings airbus a320 crew sent distress signal french alps crash reports httptcojldcz6ahfr","0"
"580330362070540288","24 Mar 2015 11:28:34","landed barcelona kaunas found germanwings airplane tragedy thoughts passengers families","2"
"580330369603366913","24 Mar 2015 11:28:36","video breaking news germanwings airbus crashes french alps onboard httptcoc2fjv2uapu httptcoy0roepbmqm","0"
"580330441854435328","24 Mar 2015 11:28:54","fox news alert search rescue underwayteams headed germanwings plane crash site french alps httptcokbkbqyuegs","2"
"580330454869512192","24 Mar 2015 11:28:57","everything know germanwings plane crash france httptcoo0zsgb1lqq httptcon4ttbxloy4","2"
"580330560331091968","24 Mar 2015 11:29:22","tracking helicopters area 4u9525 went httptcoylsf3zhgya","2"
"580330591826128896","24 Mar 2015 11:29:29","subscribe twitter list latest reports germanwings airbus crash httptcotdzafiztne httptco5a72oanljl","2"
"580330660537192448","24 Mar 2015 11:29:46","photo area 4u9525 crashed pradshautebleone httptcoa3lu8sd5tw l0gg0l","2"
"580330690807394304","24 Mar 2015 11:29:53","lufthansa ceo spohr fears confirmed dark day lufthansa hope find survivors 4u9525","2"
"580330721719508992","24 Mar 2015 11:30:00","germanwings airbus a320 flight 4u9525 bcndus crashed southern france board httptcotutpc26dax","0"
"580330740086243328","24 Mar 2015 11:30:05","french president said believed none people board germanwings flight 4u9525 plane survived httptcokc9nbcezsv","1"
"580330986220687360","24 Mar 2015 11:31:03","breaking helicopter located airbus a320 crash scene officials germanwings a320 httptcojldcz6ahfr","2"
"580331000573476865","24 Mar 2015 11:31:07","heart goes victims germanwings crashed near marseille france passengers 6crew feared dead httptco8hbqacj3id","0"
"580331071457333248","24 Mar 2015 11:31:24","airport operator aena crashed germanwings jet took barcelona airport gmt httptco8upmsinqkx httptco4ipodsey7u","2"
"580331121180844032","24 Mar 2015 11:31:35","4u9525 hollande expresses solidarity families germanwings crash victims httptcoxtmaa9mav2 httptcolwwifzxb5x","2"
"580331132878618624","24 Mar 2015 11:31:38","malaysia indonesia yet recover mh370 mh17 qz8501 prayers families aboard germanwings 4u9525","2"
"580331192316198912","24 Mar 2015 11:31:52","debris germanwings crash already found says french interior minister httptcoq1i8tkghmf httptcoozzrbmldd8","2"
"580331255570530304","24 Mar 2015 11:32:08","deeply shocked learn crash flight 4u9525 france thoughts prayers victims amp families eppgroup","2"
"580331308146118656","24 Mar 2015 11:32:20","details 4u9525 flight crash first accident history germanwings httptcowkhajih6pq a320","2"
"580331347752914944","24 Mar 2015 11:32:29","germanwings airbus way barcelona dusseldorf disappeared radar 11am local time httptcozpzv2kfigr","2"
"580331453889708032","24 Mar 2015 11:32:55","alert photo germanwings crash plane lost signal feet flight radar shows itvnews httptcom358qc2na1","3"
"580331527675998208","24 Mar 2015 11:33:12","dont get germanwings flight descended feet minutes didnt change course acc flightradar data","2"
"580331561398108160","24 Mar 2015 11:33:20","call dgac source says pilots called urgence urgence emergency emergency opposed mayday call squawk 4u9525","0"
"580331677899202560","24 Mar 2015 11:33:48","bulceu thoughts families passengers board germanwings airbus a320 httptcodymea3wc6p","2"
"580331706860871680","24 Mar 2015 11:33:55","morning thoughts prayers people board germanwings flight families","2"
"580331843616133120","24 Mar 2015 11:34:28","update firefighters policemen way crash site httptcowkhajih6pq germanwings 4u9525","2"
"580331913052852224","24 Mar 2015 11:34:44","airplane crash germanwings httptcowtw1f2krsy","2"
"580331981130498048","24 Mar 2015 11:35:01","germanwings crash accident happened zone particularly hard access httptcoon24gtcyyv","2"
"580332109782466561","24 Mar 2015 11:35:31","4u9525 fl380 fl110 min thats average rate descent fpm levelled fl068 hell going","1"
"580332189155459072","24 Mar 2015 11:35:50","frances interior ministry says debris located meters altitude french alps airbus a320 germanwings","2"
"580332232121933824","24 Mar 2015 11:36:00","breaking germanwings jet crashed france traveled barcelona dusseldorf httptcovquuuspifk httptcomwguift1iu","2"
"580332255693942784","24 Mar 2015 11:36:06","french pm france plunged deep sadness compassion solidarity victims families germanwings","2"
"580332296336732160","24 Mar 2015 11:36:16","airbuscrash according flightradar24 actual germanwings plane crashed httptcopkdhz6248p","2"
"580332312354693120","24 Mar 2015 11:36:19","frances la chaine mteo weather site says weather calm area 4u9525 crash httptcoxzviemijjd httptcobbvtoaeeod","2"
"580332380436709377","24 Mar 2015 11:36:36","live updates germanwings crash alps httptcoj37vkd8anf 4u9525 germany httptcof4mjj1lnsk","2"
"580332410853789696","24 Mar 2015 11:36:43","learned plane crash 4u9525 france thoughts w families passengers eu services assist investigation","2"
"580332451353985025","24 Mar 2015 11:36:53","last position data flight 4u9525 directly flightradar24 database httptcocig7ogxqm8","2"
"580332485030125568","24 Mar 2015 11:37:01","breaking plane carrying least people crashes france french pm says unlikely anyone germanwings jetliner survived","0"
"580332532694122497","24 Mar 2015 11:37:12","thoughts families friends aboard germanwings flight","2"
"580332684905431040","24 Mar 2015 11:37:48","lufthansa fears confirmed dark day lufthansa hope find survivors germanwings","2"
"580332832544976896","24 Mar 2015 11:38:23","last known location crashed germanwings plane french alps httptcolu1gh1c8dx","2"
"580332876081811456","24 Mar 2015 11:38:34","full csv file positions altitude flight 4u9525 httptcokq2hmctkex httptcovojphryr29","2"
"580332903986524160","24 Mar 2015 11:38:41","frances interior ministry says debris located crash germanwings flight 4u925 south france ap httptcoby471nazfg","2"
"580332990867349504","24 Mar 2015 11:39:01","germanwings flight 4u9525 barcelona dusseldorf crashed southern france httptco0csh1me9e8 9news httptcoignr19xh4q","2"
"580333028624457728","24 Mar 2015 11:39:10","board passengers pilots flight attendantsspiegelenglish corriereit germanwings httptcovt9w6qumja","0"
"580333314415919104","24 Mar 2015 11:40:18","french interior ministry debris germanwings airbus a320 4u9525 000m altitude httptco8upmsinqkx httptcomiu94nhnbr","2"
"580333728762896384","24 Mar 2015 11:41:57","nearly perfect loop around crash area armeedelair ec germanwings missilito httptcooedxpf89td","2"
"580333759125458944","24 Mar 2015 11:42:04","latest germanwings crash correspondent hesamuel httptcoq1i8tkghmf httptcojbplikz6ew","2"
"580333763512705025","24 Mar 2015 11:42:05","germanwings latest httptco8tzopibylh airbus a320 crashes french alps barcelonatodusseldorf flight passengers amp crew","0"
"580333827425439745","24 Mar 2015 11:42:21","twinengine airbus a320 considered among reliable aircraft httptco9fkd9fpd3e germanwings httptcor9ag4dgnid","2"
"580333881687195648","24 Mar 2015 11:42:34","germanwings flight 4u9525 barcelona dusseldorf crashed french alpshttptcofhox6q0ghtrip httptcoouohjrhxko","2"
"580333904126742528","24 Mar 2015 11:42:39","people feared dead germanwings airbus crash france httptcouuk7f3usvp httptcoy7e55cww7b","0"
"580333906597167104","24 Mar 2015 11:42:40","people feared dead germanwings airbus crash france httptcooagrxxrjuj httptcona2jbscshd","0"
"580333909008871424","24 Mar 2015 11:42:40","french junior minister transport alain vidalies confirms survivors germanwings a320 crash httptcozliz1oy8wf","1"
"580333915275165696","24 Mar 2015 11:42:42","breaking lufthansa chief says dont know yet happened crashed germanwings flight","2"
"580333946271113216","24 Mar 2015 11:42:49","thoughts passengers crews families difficult moment germanwings","2"
"580334199187644416","24 Mar 2015 11:43:49","germanwings a320 debris spotted 000m sea level alps police source httptcozu6hn03xzu 4u9525 httptcoymo5yf97pb","2"
"580334309422161920","24 Mar 2015 11:44:16","rip passengers aboard germanwings flight france today amp love families amp friends","2"
"580334563932549120","24 Mar 2015 11:45:16","germanwings flight least passengers crew six goes alps region httptco4sxbd0uiva httptco3t9agmtciy","2"
"580334678340558849","24 Mar 2015 11:45:44","tracking data shows descent 4u9525 aggressive full freefall image via planefinderhttptcovv6lpavase","1"
"580334729678966784","24 Mar 2015 11:45:56","fears confirmed dark day lufthansa germanwings parent company says crash httptconikx2m38fm","2"
"580335102313500673","24 Mar 2015 11:47:25","lufthansa tweets germanwings 4u9525 crash live updates httptcozu6hn03xzu httptcok0jblmv84k","2"
"580335398683058176","24 Mar 2015 11:48:35","french president survivors likely germanwings crash httptcozcvyx4b1lq","1"
"580335409202348032","24 Mar 2015 11:48:38","im horrified anticatalan antigerman tweets coming spanish trolls twitter rt shame germanwings","2"
"580335420703170561","24 Mar 2015 11:48:41","sincere condolences families friends perished terrible air catastrophe flight 4u9525","2"
"580335510280892416","24 Mar 2015 11:49:02","debris 4u9525 a320 airbus located french alps crash meters altitude httptcojldcz6ahfr httptcogvxg16a8cm","2"
"580335545265627136","24 Mar 2015 11:49:10","crash pilots germanwings a320 reported emergency local time descended rapidly feet httptcocwf82tkuvg","0"
"580335578069209091","24 Mar 2015 11:49:18","french president hollande expect survivors germanwings plane crash httptco0ylb5dteso httptcouk8lvyubbn","2"
"580335608477982720","24 Mar 2015 11:49:25","germanwings flight 4u9525 crashes french alps dark day lufthansa 4u9525 fears realised live httptco9la7dyrcuz","2"
"580336069192843264","24 Mar 2015 11:51:15","watch live rolling coverage germanwings plane crash southern france httptcod0osirfvqr httptcoe9n4uq3fdj","2"
"580336127699087360","24 Mar 2015 11:51:29","debris germanwings plane crashed france scattered remote area high alps httptcok8eoaxt9zd","2"
"580336204186521600","24 Mar 2015 11:51:47","live french air force ec flying area crash germanwings httptco6z0zenmosn httptcoah5h6qxirp","2"
"580336326634962944","24 Mar 2015 11:52:17","french pm says fears aboard germanwings airbus a320 jetliner may dead httptcoajji9cn1w2httpstco8q1zcyzhn5","2"
"580336341080260608","24 Mar 2015 11:52:20","fears confirmed dark day lufthansa says ceo germanwings parent company crash httptcotjvccjsy4g","2"
"580336348764065793","24 Mar 2015 11:52:22","follow us malaysiakini latest updates illfated germanwings httptco9w8czcirwn httptcont2ugn0iep","2"
"580336394184323072","24 Mar 2015 11:52:33","praying germanwings a320 passengers amp families gt httptcoug4ulnf6xlgermanwings a320","2"
"580336528955691008","24 Mar 2015 11:53:05","germanwings plane crash know far httptcoq1i8tkghmf httptcolywc9mhpgj","2"
"580336554406711297","24 Mar 2015 11:53:11","yesterday 4u9525 took exactly route yes normal route httptcobjrgzomyab","2"
"580336568419921920","24 Mar 2015 11:53:14","crashed germanwings a320 airbus years old id daipx first flight november httptco8upmsinqkx httptco3ggahaq3pu","2"
"580336661206331392","24 Mar 2015 11:53:36","french officials say spotted debris germanwings flight 6k feet high alps norahodonnell","2"
"580336766663540736","24 Mar 2015 11:54:01","plane crashes southern france board germanwings budget airline flying barcelona dusseldorf httptco2vhtfulqoq","0"
"580336772128870400","24 Mar 2015 11:54:03","dreadful news germanwings crash impossible tell cause flightradar info lets speculate thoughts families","2"
"580336782782382081","24 Mar 2015 11:54:05","update yesterday 4u9525 took exactly route planefinder httptcowfg8ktsve2 httptcouylwpjarj5","2"
"580336849534648320","24 Mar 2015 11:54:21","germanwings update airbus a320 crashes french alps barcelonatodusseldorf flight passengers amp crew members","0"
"580337178506584064","24 Mar 2015 11:55:40","catastrophes happenawful news germanwings plane crashed thoughts affected sad indeed","2"
"580337292838981633","24 Mar 2015 11:56:07","fox news alert gregpalkot breaking details germanwings crashhttpstcoiznwpmefut","2"
"580337320508919808","24 Mar 2015 11:56:14","tragic day france amp europe want express solidarity family amp friends crew amp passengers 4u9525 germanwings","2"
"580337327677026304","24 Mar 2015 11:56:15","french president franois hollande says believe survivors germanwings crash httptcozbx37z3jbw","2"
"580337418550775808","24 Mar 2015 11:56:37","germanwings a320 airbus yrs old first flight november httptcozu6hn03xzu 4u9525 httptcopicb9shvf2","2"
"580337440738713600","24 Mar 2015 11:56:42","thoughts passengers crew flight 4u families friends united wings lufthansa germanwings","2"
"580337446170320896","24 Mar 2015 11:56:43","know germanwings crash far httptcog8jyreggrc httptcoumwnhdt8hh","2"
"580337583508570112","24 Mar 2015 11:57:16","last radar contact a320 germanwings plane httptcoajdudfmgav httptcoytvgpmkmfh","2"
"580337826279124992","24 Mar 2015 11:58:14","hear reports germanwings crash remember patient truth takes time httptcogbwzs3pikg httptcossghe6blyc","2"
"580337831253581824","24 Mar 2015 11:58:15","latest update germanwings plane crashed southern france click httptcowab80cd3ec","2"
"580337873691533313","24 Mar 2015 11:58:25","sincere condolences victims flight 4u9525 catastrophe relatives words help stand","2"
"580338165824667649","24 Mar 2015 11:59:35","watch aviation expert says 4u9525 distress call circulated twitter within three minutes httptcoywo1t8o4xi","0"
"580338189904285697","24 Mar 2015 11:59:41","germanwings flight 4u9525 crashes french alps weather calm time crash debris found live updates httptcokrtcwgrw86 4u9525","2"
"580338194731962368","24 Mar 2015 11:59:42","fm steinmeier planecrash france terrible news thoughts must fear lives relatives 4u9525","2"
"580338392782757888","24 Mar 2015 12:00:29","follows info reported german plane crash france lufthansa airbus eciotti germanwings httptcoelbp57fxxw","2"
"580338546856235009","24 Mar 2015 12:01:06","germanwings plane believed crashed shortly distress call reporting abnormal situation httptcomlltayvg1m","0"
"580339310299340800","24 Mar 2015 12:04:08","survivors expected airbus a320 crash french president says httptco5vmbfiglj2 germanwings httptcosomzfcrxmr","2"
"580339510883561472","24 Mar 2015 12:04:56","singleaisle airbus a320s workhorses global fleet amp proliferate across european skies 4u9525 httptcope6ocmiy0q","2"
"580339547269144576","24 Mar 2015 12:05:04","latest germanwings crash pilots signaled dropping midair airline ceo calls dark day httptcos5czownn2t","0"
"580339662096605184","24 Mar 2015 12:05:32","update crash 4u9525 arrivals board dusseldorf airport httptcowfg8ktsve2 httptcop9d4cgubbi","2"
"580339793122447361","24 Mar 2015 12:06:03","4u fears confirmed dark day germanwings carsten spohr","2"
"580339825649291264","24 Mar 2015 12:06:11","germanwings passenger plane crashes french alps onboard httptcojcdztv8we0 httptcoye0hunditr","0"
"580340024736116736","24 Mar 2015 12:06:58","survivors germanwings crash alps french transport minister says httptcoiw1qlzjqkw httptcoq0ssqcskp2","2"
"580340423044018176","24 Mar 2015 12:08:33","flightpath germanwings a320 httptcoshvkyey4ug httptcoazouledgei","2"
"580340476949086208","24 Mar 2015 12:08:46","breaking feared dead crashed germanwings flight httptcobnegqsxbfl","0"
"580341214098137089","24 Mar 2015 12:11:42","family friends flight 4u9525 prayers may god take care","2"
"580342401392312321","24 Mar 2015 12:16:25","heres recap key points far germanwings alps plane crash live updates httptco8upmsinqkx httptcohnjzvcruqq","2"
"580342519516512256","24 Mar 2015 12:16:53","germanwings flight a320 plunged feet ten minutes according radar data httptcohv1iocbiha httptcooq4nlytz4y","1"
"580342670511472640","24 Mar 2015 12:17:29","germanwings darkened logo twitter crash french alps latest httptcodztgd0ipzv httptcoxc5gzn8l8r","2"
"580342917291708416","24 Mar 2015 12:18:28","breaking germanwings photo helicopter crash area france2 journalists httptcowfg8ktsve2 httptcornc5gt5w40","2"
"580343329096904704","24 Mar 2015 12:20:06","germanwings crash arrivals board dusseldorf airport httptcozu6hn03xzu httptcomoqt2ldido","2"
"580343473607438336","24 Mar 2015 12:20:41","germanwings darkened logo twitter following crash one planes french alps httptco9qian60uob","2"
"580343941825953792","24 Mar 2015 12:22:32","dark day us germanwings plane crash confirmed says lufthansa httptcozoav2dq617","2"
"580344006682505216","24 Mar 2015 12:22:48","germanwings 4u9525 crash amp response sites amp live updates amp reactions httptcozu6hn03xzu httptcoejied1gwxq","2"
"580344171019542528","24 Mar 2015 12:23:27","french authorities say last words germanwings airbus320 distress call emergency emergency httptcovnquvdvjfp","0"
"580345253179342848","24 Mar 2015 12:27:45","photo arrivals board dusseldorf airport shows information germanwings plane crashed french alps httptcodympqujehx","2"
"580346142183002113","24 Mar 2015 12:31:17","latest update germanwings saying passengers six crew people board a320 crashed httptcouj1vdjyw5s","0"
"580346392431968257","24 Mar 2015 12:32:16","last words germanwings a320 distress call emergency emergency authorities say httptcofxvbra7rpz httptcooxfpissdvj","0"
"580346824269103105","24 Mar 2015 12:33:59","thoughts passengers crew flight 4u relatives colleagues unitedbywings germanwings lufthansa","2"
"580346835295997952","24 Mar 2015 12:34:02","important information telephone relatives a320 tf germanwings","2"
"580346858846822400","24 Mar 2015 12:34:08","picture helicopter sent germanwings alps plane crash site shows remote area httptcofo6h66zehe","2"
"580346992074842112","24 Mar 2015 12:34:39","germanwings statement says flight 4u9525 crashed local time passengers crew board morningjoe httptcoby471nazfg","1"
"580347051927597056","24 Mar 2015 12:34:54","heres know far germanwings flight crashed french alps httptco3cruv6qiyv httptco7qmhuwhkri","2"
"580347068457308160","24 Mar 2015 12:34:58","breaking germanwings says passengers crew crashed plane","1"
"580347290633838592","24 Mar 2015 12:35:51","update germanwings says passengers crew members aboard jet crashed france httptcoqbf4skltcx","0"
"580347360959717376","24 Mar 2015 12:36:07","breaking germanwings says passengers crew crashed plane httptcowfg8ktsve2 httptcoqtymopb5aj","1"
"580347361039413248","24 Mar 2015 12:36:07","airline germanwings says passengers six crew board plane crashed near digne","0"
"580347364562587649","24 Mar 2015 12:36:08","update authorities confirm last words germanwings a320 distress call emergency emergency","0"
"580347464907153408","24 Mar 2015 12:36:32","breaking germanwings confirms pax crew board flightcrisis","1"
"580347646465949696","24 Mar 2015 12:37:15","thoughts amp prayers families friends germanwings 4u9525 passengers amp crew","2"
"580347961256837120","24 Mar 2015 12:38:30","breaking death toll germanwings flight 4u9525 rises a320httptconk5u1gphxl","1"
"580348081100734464","24 Mar 2015 12:38:59","germanwings sorry confirm passengers amp crew board flight 4u9525 crashed french alps httptcoinqlkoqzup","1"
"580348878370828288","24 Mar 2015 12:42:09","breaking authorities confirm last words germanwings 4u9525 a320 distress call emergency emergency httptcowfg8ktsve2","0"
"580349159569539072","24 Mar 2015 12:43:16","breaking lufthansa germanwings lufthansade changed logos blac mark respect httptcoanst3o0yxm flightc","2"
"580349419360526336","24 Mar 2015 12:44:18","germanwings posted following updated statement via twitter httptcoq1i8tkghmf httptcoodieny7fdw","2"
"580349424058175489","24 Mar 2015 12:44:19","latest airline germanwings says passengers six crew aboard plane crashed httptcoiwith21l6h","1"
"580350000074457088","24 Mar 2015 12:46:37","must confirm deepest regret germanwings flight 4u barcelona dsseldorf suffered accident","1"
"580350166005248000","24 Mar 2015 12:47:16","germanwings plane crashed french alps descended unprecedented rate aviation expert says httptcoh2n4a9lpoj","1"
"580350403734310912","24 Mar 2015 12:48:13","watch live france coverage germanwings plane crash httptcomen3st6iwx httptcoe9rxyc7w6m","2"
"580350426278719488","24 Mar 2015 12:48:18","must confirm deepest regret germanwings flight 4u barcelona dsseldorf suffered accident","3"
"580350587289604097","24 Mar 2015 12:48:57","lufthansa germanwings established telephone hotline tollfree number available families","2"
"580350698774241280","24 Mar 2015 12:49:23","passengers involved care assistance everyone germanwings lufthansa deeply shocked saddened events","2"
"580351083383517185","24 Mar 2015 12:50:55","breaking emergency units staging seynelesalpes near 4u9525 crash site aviaponcho httptcowfg8ktsve2 httptconahq3miolz","2"
"580351149619953664","24 Mar 2015 12:51:11","family members victims germanwings crash arrive barcelonas el prat airport httptcowf2xonhznq httptcocbdpm6jihv","2"
"580351367719591936","24 Mar 2015 12:52:03","lufthansa germanwings established telephone hotline tollfree number available families","2"
"580351390570135552","24 Mar 2015 12:52:08","weather deteriorating germanwings 4u9525 search amp rescue operation snow 1500m french alps cf httptcouf8e1m0ote","2"
"580351604831846400","24 Mar 2015 12:52:59","helicopters bringing bodies school gymnasium near site germanwings a320 crash httptco4rusyv7iuchttpstcofqwabr5ea4","2"
"580351758213447680","24 Mar 2015 12:53:36","yet clear uk nationals germanwings crash thoughts relatives downing street says httptcosldktp3mmk","2"
"580352273001410560","24 Mar 2015 12:55:38","news emergency emergency final distress call sent cockpit flight 4u9525 pollyraviation","0"
"580352417541287936","24 Mar 2015 12:56:13","twitter accounts lufthansa germanwings turned logos black httptcoceej2mhvpg","2"
"580352455952732160","24 Mar 2015 12:56:22","germanwings change logo grey white sign mourning 4u9525httptconk5u1gphxl httptcofzrvgy5p7w","2"
"580352532167311362","24 Mar 2015 12:56:40","people board germanwings plane crashed french alps heres know far httptco5szvpg9xfr","0"
"580352540316946432","24 Mar 2015 12:56:42","survivors germanwings crash says french transport minister adding crashed pilot issued distress signal good weather","0"
"580352792700821504","24 Mar 2015 12:57:42","live french airforce c still area germanwings crash httptcowfg8ktsve2 httptcojkmsj8wl7p","2"
"580353449721655296","24 Mar 2015 13:00:19","german airbus a320 plane crashes people deadhttpstco94ooosssvv4u9525 germanwings germanwingscrash airbus320 planecrash","0"
"580353540725452800","24 Mar 2015 13:00:41","update survivors expected among people aboard germanwings plane httptcohd7zdujth4 httptcoiibvtbuiqz","1"
"580353697865187328","24 Mar 2015 13:01:18","update germanwings crash 3d flight path flightaware httptcowfg8ktsve2 httptcod4eu3xldy2","2"
"580353737769820160","24 Mar 2015 13:01:28","germanwings airbus first crash airliner french soil since concorde disaster httptcoke109w7cft httptcolkpunuqnsu","2"
"580353986991112192","24 Mar 2015 13:02:27","deepest condolences families victims flight crashed france morning httptco4tixfkkrhj germanwings","2"
"580354367796166656","24 Mar 2015 13:03:58","rescue teams near 4u9525 crash site httptcozu6hn03xzu pics via actusecours germanwings httptcoideo1spam4","2"
"580355037504909312","24 Mar 2015 13:06:38","thoughts prayers deepest condolences go passengers families flight 4u9525 httptcopinxbaqc5f","2"
"580355192908095488","24 Mar 2015 13:07:15","4u9525 following flight path yesterdayyesterday httptco59moetk0gdtoday httptco21vkfbs38d httptcobynf6vlve0","2"
"580355581254471680","24 Mar 2015 13:08:47","survivors germanwings plane en route barcelona spain duesseldorf germany click httptcox0fvj9xpyu","2"
"580356429615337472","24 Mar 2015 13:12:09","germanwings flight 4u9525 crashes french alps plane low altitude mayday call received live httptcozviqibyimm","0"
"580357537083576321","24 Mar 2015 13:16:34","4u9525 airbus plunged rate feet per minute crashing pollyraviation","1"
"580357700791468032","24 Mar 2015 13:17:13","germanwings a320 plane crashed alps make distress call cnns french affiliate says httptco90w6vc2vbf","0"
"580357920984051712","24 Mar 2015 13:18:05","thoughts friends family passengers germanwings flight 4u9525","2"
"580358227713458176","24 Mar 2015 13:19:18","german chancellor angela merkel deeply shaken germanwings crash spokesperson says httptcorpzudme3s0","2"
"580359057825009664","24 Mar 2015 13:22:36","breaking 4c germanwings crash site snow wind expected mins httptcowfg8ktsve2 httptconm3jrsz5da","2"
"580359081296293888","24 Mar 2015 13:22:42","update latest images rescue operation 4u9525 pic via cdric cactusecours httptcoezktb3sxaa pollyraviation","2"
"580359405620858880","24 Mar 2015 13:23:59","follow live coverage germanwings flight 4u crash france httptcoqdmrxb1v6i httptcopgwtvw4fzb","2"
"580359480782786560","24 Mar 2015 13:24:17","french air force boeing c135fr stratotanker flying 4u9525 crash site httptcohv3kjz28a9 httptcoeql9ysuixn","2"
"580359809041604608","24 Mar 2015 13:25:35","know lowcost airline germanwings whose plane crashed french alps todayhttptcodpvjegkegt httptco0hkxdditls","2"
"580360165540642816","24 Mar 2015 13:27:00","france24 reporter james andr french civil aviation authority hq germanwings plane report distress signal mayday","0"
"580361142666563584","24 Mar 2015 13:30:53","helicopters emergency vehicles arriving southern france germanwings httptco2ry7itpo4l","2"
"580362104110071808","24 Mar 2015 13:34:42","germanwings hold press conference 10a et latest details plane crash httptcowbsvfohd3z httptcocbpbxwht1z","2"
"580362323283615745","24 Mar 2015 13:35:35","people germanwings plane crashed alps thought died httptco8upmsinqkx httptcorom2b1e6za","2"
"580363156721131521","24 Mar 2015 13:38:53","feared dead germanwings airbus crash live coverage httptcojk9jzjl7tp httptcoygckhyntoq","2"
"580364138020507649","24 Mar 2015 13:42:47","breaking germanwings crew send distress signal aviation official","0"
"580364236330762240","24 Mar 2015 13:43:11","breaking germanwings crew send distress signal aviation official afp","0"
"580364493928181760","24 Mar 2015 13:44:12","todays flight path 4u9525 exactly matching yesterdays flight path moment signal lost httptcoec62sfy9ga","2"
"580364576560177154","24 Mar 2015 13:44:32","last known position germanwings flight httptcom9zf6fy8yk httptcowc8gkpxuac","2"
"580364656608428032","24 Mar 2015 13:44:51","update afp aviation official says germanwings crew send distress signal","0"
"580364889736232960","24 Mar 2015 13:45:47","thoughts families crew germanwings following loss 4u9525 operated lufthansa subsidiary germanwings","2"
"580364934011334656","24 Mar 2015 13:45:57","germanwings airbus a320 climbed feet starting descend lose signal httptco4xru5micvz","2"
"580364973664309248","24 Mar 2015 13:46:07","breaking germanwings pilots send mayday signal atc declared emergency httptcowfg8ktsve2","0"
"580365368805486592","24 Mar 2015 13:47:41","people board plane crashed france today germanwings ceo says httptcohahu3mmimf httptcoqfcbhpwsji","0"
"580365755750871041","24 Mar 2015 13:49:13","crash germanwings flight extremely unfortunate share sorrow amp pain families board","2"
"580365806720122880","24 Mar 2015 13:49:25","germanwings flight crashed french alps passengers crew board airlines ceo says httptcoeokw9foij4 a320","2"
"580365989780520960","24 Mar 2015 13:50:09","photos show emergency services french alps germanwings crash httptcoteojxjobmx httptcoeavyroxyz0","2"
"580366761398239232","24 Mar 2015 13:53:13","germanwings airbus a320 plane crash two babies children among dead httptcouglam0vpok httptco9yccn7hzz8","1"
"580368137796743168","24 Mar 2015 13:58:41","thoughts prayers families relatives germanwings airbus a320 plane crash two babies children among dead","1"
"580368417556992000","24 Mar 2015 13:59:48","germanwings crew didnt send distress signal sent air traffic control civil aviation authorities afp httptcocn6ivjdoo7","0"
"580369978546917376","24 Mar 2015 14:06:00","schoolchildren two teachers may crashed germanwings plane german town haltern httptcoxnjbpx64f8","1"
"580370249712697344","24 Mar 2015 14:07:04","germanwings spokesman confirms two babies among board flight crashed french alps httptconpoy1k5huo","1"
"580370275121938432","24 Mar 2015 14:07:11","babies among passengers board crashed germanwings plane germanwings says news briefing httptcoinhcbgukhf","1"
"580370309884182529","24 Mar 2015 14:07:19","know far germanwings airbusa320 crash bbcs christianfraserhttpstcozromvzn8ko","2"
"580371776619839488","24 Mar 2015 14:13:08","rescue workers gather seyne southeastern france near site germanwings airbus a320 crashed httptcoe0qfnms8pw","2"
"580371845997682688","24 Mar 2015 14:13:25","4u9525 took eight minutes descend feet impact says germanwings ceo winkelmann","1"
"580371847335821312","24 Mar 2015 14:13:25","breaking germanwings ceo plane went minute descent crashing","1"
"580372127125131264","24 Mar 2015 14:14:32","germanwings says confirm brief distress signal made flight 4u9525 crashed httptcopbr82b0eul","0"
"580372806178881537","24 Mar 2015 14:17:14","dgac clarifies germanwings didnt issue distress call atc launhed distress phase due combination descent radio contact","0"
"580377378226049024","24 Mar 2015 14:35:24","shocked devastated deepest sympathy goes families victims thoughts 4u9525","2"
"580377478184755201","24 Mar 2015 14:35:48","breaking update afp aviation official says germanwings crew send distress signal via bbcbreaking flightcrisis","0"
"580377986941206528","24 Mar 2015 14:37:49","breaking video germanwings 4u9525 crash area httptcowfg8ktsve2 httptcosxs0ktx3b3","2"
"580379486732066817","24 Mar 2015 14:43:47","breaking distress call linked germanwings jet came air traffic control plane aviation official httptcoeokw9foij4","0"
"580380219921580032","24 Mar 2015 14:46:42","thoughts passengers crew members board germanwings flight 4u9525 loved ones","2"
"580387098039046145","24 Mar 2015 15:14:01","reports moving body amidst germanwings wreckage a320 httptcoglmusapbgo httptcows2m4ycly3","1"
"580388756043083777","24 Mar 2015 15:20:37","unconfirmed image reportedly local newspaper le dauphine also circulating 4u9525 httptcozuekdryrpm","2"
"580398796124876800","24 Mar 2015 16:00:30","photo another image crash site 4u9525 pic via laprovence httptcok4o8fxqqzn pollyraviation","2"
"580399487740297216","24 Mar 2015 16:03:15","nightmare thoughts go victims family friends rip 4u9525 mh370 mh17 ge235 qz8501 ah5017 toomanycrashes","2"
"580697361799876608","25 Mar 2015 11:46:54","breaking germanwings ceo plane victims included german citizens spaniards americans","0"
"580699430690656256","25 Mar 2015 11:55:07","breaking germanwings crash victims include german citizens spaniards americans per ceo via ap","0"
"580699825030754304","25 Mar 2015 11:56:41","germanwings ceo says germans spanish citizens two americans aboard plane crashed france httptcojsc0iwmqju","0"
"580706841769820160","25 Mar 2015 12:24:34","least germans spanish killed germanwings crash airline httptcojeigmqotna httptcohrecgvkuuv","0"
"580882121222434816","26 Mar 2015 00:01:04","recovered black box shows pilot locked germanwings cockpit crash httptcoac6ada5nkl httptcobxgmnjegew","1"
"580882302621843456","26 Mar 2015 00:01:47","new york times reporting one pilots locked cockpit crashed germanwings cbc","1"
"580882341880446977","26 Mar 2015 00:01:57","report copilot locked cockpit fatal plane crash httptcoaxgquacv2e germanwings httptcot80l7bhxx6","1"
"580882417117958144","26 Mar 2015 00:02:15","nytimes reports germanwings pilot locked cockpit amp could get back crash ac360 begins httptcovxigiuhuds","1"
"580882674413375488","26 Mar 2015 00:03:16","germanwings pilot locked cockpit fatal plane crash httptcooe9lmgpcoe httptcohbu3xoiaul","1"
"580882701063979008","26 Mar 2015 00:03:22","breaking nytimes reporting one pilot 4u9525 locked cockpit deadly descent crash accident called doubt","1"
"580882906014474240","26 Mar 2015 00:04:11","httptco6w6hpstrfa planecrash plane crash drexel university graduate mom among germanwings plane crash victi httptcohttp0alzye","2"
"580883100533690368","26 Mar 2015 00:04:58","one pilot leaves somebody else supposed go always people richardquest germanwings httptcokckkbkqjvh","2"
"580883510103281665","26 Mar 2015 00:06:35","breaking pilot germanwings flight left cockpit planes descent couldnt get back new york times httptcodziwrfli74","1"
"580883727624065024","26 Mar 2015 00:07:27","developing pilot locked cockpit germanwings alps crash report httptcoccqptooqtn httptcoxlnxg8rz3v","1"
"580883793709547521","26 Mar 2015 00:07:43","door solid cant knock bulletproofjimtilmon nytimes rpt germanwings pilot locked httptcohs20b8jc4b","1"
"580883864521818112","26 Mar 2015 00:08:00","breaking one pilot locked cockpit germanwings crash httptco3zrouzedhx httptcocsuybyhuaf","1"
"580884417343815680","26 Mar 2015 00:10:12","update black box recorder reveals one 4u9525s pilots banging door get cockpit httptcoemsy5qu1ud 9news","1"
"580884605097664512","26 Mar 2015 00:10:56","pilot germanwings 4u9525 locked cockpit tried smash door reenter nytimes reports httptcoeguyjz4wgs","1"
"580885187837325312","26 Mar 2015 00:13:15","one pilot locked cockpit germanwings flight 4u9525 crashed killing httptcoa7thsq3ea8","1"
"580885455257882624","26 Mar 2015 00:14:19","httptcovppjaceoql plane crash planecrash report pilot locked cockpit germanwings crash httptco8iymlefx69","1"
"580885624883904512","26 Mar 2015 00:14:59","one pilot germanwings crash locked cockpit nytimes reports httptcodozizchp4o","1"
"580886010575257601","26 Mar 2015 00:16:31","reasons havent yet released names pilots germanwings plane suddenly seem clear","2"
"581047170637381632","26 Mar 2015 10:56:55","names pilots rumored patrick sonderheimer copilot andreas lubitz formal confirmation yet germanwings","1"
"581061237783556096","26 Mar 2015 11:52:49","name copilot andreas lubitz httptcol7fdlo6iom 4u9525","1"
"581061272856326145","26 Mar 2015 11:52:57","breaking name copilot crashed germanwings flight andreas lubitz","1"
"581061914001821696","26 Mar 2015 11:55:30","breaking name copilot crashed germanwings flight 4u9525 german named andreas lubitz httptcoyeiso3yzop","1"
"581062604988162048","26 Mar 2015 11:58:15","copilot germanwings plans andreas guenter lubitz appeared want destroy plane french prosecutor says","1"
"581063145256538112","26 Mar 2015 12:00:24","photo german copilot andreas lubitz seems crashed germanwings flight purpose httptco3msyxvnf3p","1"
"581063377226637312","26 Mar 2015 12:01:19","4u9525 robin names andreas lubitz copilot flight deck crashed aircraft","1"
"581063730319925248","26 Mar 2015 12:02:43","andreas lubitz copilot apparently deliberately crashed germanwings yrs old reason prosecutor says","1"
"581063753837481984","26 Mar 2015 12:02:49","breaking germanwings copilots name andreas lubitz german national says marseilles prosecutor httptco1o08vxvzp8","1"
"581063816882065408","26 Mar 2015 12:03:04","french officials confirm id germanwings copilot andreas lubitz thought yo pictured httptcobekvheaca1","1"
"581063906682114048","26 Mar 2015 12:03:25","breaking germanwings 4u9525 copilots name andreas lubitz german national says marseilles prosecutor","1"
"581063928953876480","26 Mar 2015 12:03:30","update prosecutor confirms crashed germanwings flight copilot andreas lubitz strong signs crashed purpose","1"
"581063957684850688","26 Mar 2015 12:03:37","breaking germanwings copilot confirmed name press conference firstname andreas guenter lastname lubitz","1"
"581064144394285056","26 Mar 2015 12:04:22","french prosecutor names copilot germanwings plane crashed alps andreas lubitz controls plane","1"
"581064157870555136","26 Mar 2015 12:04:25","breaking prosecutor identifies germanwings pilot deliberately crashed plane carrying people german national andreas lubitz","1"
"581066887200694272","26 Mar 2015 12:15:16","andreas lubitz copilot brought germanwings flight intentionally recently commended faa httptco8dayq8vakf","0"
"581107798932631552","26 Mar 2015 14:57:50","schoolmates copilot crashed 4u9525 tell german reporters took months break flight training due burnoutsyndrom","3"
"581132461960249344","26 Mar 2015 16:35:50","doomed germanwings copilot suffered burnout depression years crash httptconkqworwkuk httptcoqrmjtwgair","3"
"581153923987206146","26 Mar 2015 18:01:07","germanwings copilot battled depression friends say httptcosrhdpf4zn5 httptcoi3zd1rynud","3"
"581183387848859648","26 Mar 2015 19:58:12","copilot rammed germanwings plane french alps previously battled depression httptcopsbntxo5av","3"
"581245152158728192","27 Mar 2015 00:03:37","tony abbott seeks advice cockpit rules wake germanwings crash httptcouagck9kt65","2"
"581246782765719552","27 Mar 2015 00:10:06","germanwings crash different scenarios unlock lock cockpit door httptcowzpdg4wfy1 httptcobka6z48jhw","2"
"581247332282306561","27 Mar 2015 00:12:17","questions germanwings crash cnn experts answer germanwingsqs httptcoexkydn7mrdhttpstcodchp07so0w","2"
"581247335998431232","27 Mar 2015 00:12:18","know far germanwings crash httptcoev7pqabbtz httptcoq7wy7ger82","2"
"581248346309922816","27 Mar 2015 00:16:19","germanwings flight copilot deliberately crashed plane prayers go families httptcofhkla2k3pl","2"
"581248880098086912","27 Mar 2015 00:18:26","germanwings flight copilot crashed plane prayers go families httptco9ek6j6hnms httptcoxj9awb6trh","2"
"581249720376553472","27 Mar 2015 00:21:47","copilot germanwings intentionally crashed plane hes white hes terrorist","2"
"581252958446329857","27 Mar 2015 00:34:39","copilot germanwings airbus convert islam httptco7mhphg5air rednationrising","0"
"581253085508534272","27 Mar 2015 00:35:09","theres black box human says milesobrien germanwings crash httptcorvgxkdbmkf","2"
"581254429996920832","27 Mar 2015 00:40:29","germanwings tragedy try remember captain patrick sonderheimer tried kick door save plane","2"
"581255457022570497","27 Mar 2015 00:44:34","germanwings could face enormous legal liabilities crash killed people httptco3nv929p1uc","2"
"581256046448111616","27 Mar 2015 00:46:55","families close enough see helicopters nicrobertsoncnn germanwings memorial httptco4rsph7ke3h","2"
"581256908251758592","27 Mar 2015 00:50:20","germanwings crash copilot keep captain cockpit via outfrontcnnhttptcomlast2ksue httptcoyqkbk9ndqt","2"
"581257660118491136","27 Mar 2015 00:53:20","tribute lives lost germanwings flight next ac360 httptcozdhwf3pyn9","2"
"581258486861983745","27 Mar 2015 00:56:37","germanwings black box data released hrs mh17 data released months whyhttptcozana7mxvng httptcou94wb4f8uu","2"
"581258923065389056","27 Mar 2015 00:58:21","could better zero pilots cockpit instead one httptcoig0z2bopon germanwings httptcojba8i3mukk","2"
"581259253429702656","27 Mar 2015 00:59:39","heres germanwings crash scenario less likely us httptcobtnzb7seot httptcoky6sggcdav","2"
"581260171688718336","27 Mar 2015 01:03:18","cliffs germanwings rescuers seynelesalpes brand new hour ac360 begins httptcocvhaxykur9","2"
"581261457725210624","27 Mar 2015 01:08:25","two gutwrenching pieces germanwings crashfrom mind httptcozkbpirdjjbfrom heart httptcot7folvdjne","2"
"581262528107384832","27 Mar 2015 01:12:40","ahead could happened germanwings plane happen us panel weighs next kellyfile","2"
"581264214809022464","27 Mar 2015 01:19:22","islam amp muslims blamed even neither anything mass killing germanwings germanwingscrash httptcodkmneqzpc7","0"
"581266400192307200","27 Mar 2015 01:28:03","copilot deliberately crashed germanwings plane killing people yet indication act terrorism pftt","2"
"581273151612575746","27 Mar 2015 01:54:53","cap liability airline prove without fault aviation attorney justin green germanwings httptcol14sbzkwga","2"
"581274406804025344","27 Mar 2015 01:59:52","thank god hes muslim otherwise worldd muslim hate spree germanwings httptconoxahjsmp7 httptcoqdsc50p86w","0"
"581274572823130112","27 Mar 2015 02:00:32","ap10things know fri turmoil escalates yemen airlines responding germanwings crash httptcofhfmjtsnpm","2"
"581280784155353088","27 Mar 2015 02:25:13","relatives died board germanwings flight gathered near crash site httptcoyrdzjge5pu httptcoq9s8fz2soj","2"
"581286157151039488","27 Mar 2015 02:46:34","horror sound lubitz breathing pgourevitch germanwings crash httptcoek1hizwr4p","2"
"581287108607811584","27 Mar 2015 02:50:21","breaking german news germanwings airbus copilot muslim convert httptcoortt0ab4ya via gatewaypundit","0"
"581287562947395584","27 Mar 2015 02:52:09","copilot germanwings airbus convert islam httptcocxkx67pyqt","0"
"581287723841032192","27 Mar 2015 02:52:47","look obama cut taxes rich theyd buy private jets flight safety would trickle germanwings","2"
"581287795991302144","27 Mar 2015 02:53:05","muslims like okay rt drshobha copilot germanwings airbus convert islam","0"
"581288928646340608","27 Mar 2015 02:57:35","germany thanks convert islam andreaslubitzgermanywings httptcoj6otgrwhjo httptco2a0zoskja6","0"
"581290271997968384","27 Mar 2015 03:02:55","german news copilot germanwings airbus muslim convert hero islamic state httptcoj8budbthpm via gatewaypundit","0"
"581291208506376192","27 Mar 2015 03:06:38","breaking newsgermanwings copilot recent convert islamhttptcofwf86td88b httptcodjkzng2pim","0"
"581293286268129280","27 Mar 2015 03:14:54","german news copilot germanwings airbus muslim convert muslim trusted near airplane","0"
"581293685041557504","27 Mar 2015 03:16:29","breaking germanwings copilot recent muslim convert httptcoaqvtsi7ocv httptcobi5olzjkji","0"
"581295422414680065","27 Mar 2015 03:23:23","look cockpitsecurity measures prevented germanwings pilot reentering httptcovrv13m66ez httptcocxrofywrbh","2"
"581295858898989056","27 Mar 2015 03:25:07","converts disturbedcopilot germanwings airbus muslim converthero islamic statehttptcojbojb6rfor whitemuslims","0"
"581296960830881792","27 Mar 2015 03:29:30","memo ronfournier owe jimgeraghty apologygerman news copilot germanwings airbus muslim convert","0"
"581299253743501312","27 Mar 2015 03:38:36","copilot germanwings airbus convert islam httptcoq7yhj4ne2d","0"
"581299354431987712","27 Mar 2015 03:39:00","german pinews magazine reporting germanwings copilot recent convert islamread httptco6ann7rquz6 httptcou9ggryxnvd","0"
"581300992194572288","27 Mar 2015 03:45:31","muslim convert german news website httptcoszqq0pkwm1 claims andreas lubitz muslim convert httptconx2cxzgijr","0"
"581301262269829120","27 Mar 2015 03:46:35","copilot fresh convert httptcopaakwfhdg3","0"
"581301336085553152","27 Mar 2015 03:46:53","evidence indicates copilot airbus machine months break training pilot germanwings converted islam","0"
"581302297579425793","27 Mar 2015 03:50:42","tribute lives lost germanwings crash set music olegbryjak amp mariaradner httptcouq0hxlcnsk httptcolkwqgecgbx","2"
"581302544116379648","27 Mar 2015 03:51:41","apparently comments german pi andreas lubitz muslim convert facebook page httptco5v98fotcsh","0"
"581303832895885312","27 Mar 2015 03:56:48","germanwings copilot muslim could terrorist depressed httptcoyszzpyhuwb","0"
"581303989406314496","27 Mar 2015 03:57:25","breaking copilot muslim convert httptcoowhyzxnvn9","0"
"581305416795103232","27 Mar 2015 04:03:06","rt sponkymusiclady especially sent families germanwings terrorist attack httptcoqtatlbd0rr","2"
"581307361857392642","27 Mar 2015 04:10:49","pilot germanwings airbus muslim convert hero islamic state httptcoo7h6ouefjd via gatewaypundit httptcogldwraposj","0"
"581314363644121088","27 Mar 2015 04:38:39","german news website claims germanwings copilot andreaslubitz muslim convert httptco4phwrsrxwu","0"
"581315281630318593","27 Mar 2015 04:42:18","copilot germanwings airbus convert islam became fidain httptcoqr1inwtxuh","0"
"581317224096387072","27 Mar 2015 04:50:01","news germanwings pilot muslim convert httptcohq9ydkhw3t","0"
"581318271321931776","27 Mar 2015 04:54:10","airlines begin requiring crew members cockpit times germanwings crash httptcobuo4yfkjx2","2"
"581325025569030145","27 Mar 2015 05:21:01","video shows cockpit door crashed germanwings plane designed work httptcoiztw2ehhnn httptcon5u9cxvru9","2"
"581325197661376512","27 Mar 2015 05:21:42","thoughts prayers families friends passengers germanwings flight beyond httpstcof51rhvq4er","2"
"581335535832039424","27 Mar 2015 06:02:47","germanwings copilot fresh muslim convert httptcoinvyryt5le via orvan converts islam disturbed whitemuslims","0"
"581357303405813760","27 Mar 2015 07:29:16","germanwings copilot suffered serious depression years ago german newspaper httptcolxdzbdndmb httptcoytundhyejy","3"
"581359544682614784","27 Mar 2015 07:38:11","germanwings copilot serious depressive episode bild newspaper httptcorgstrehd21","3"
"581377529124130816","27 Mar 2015 08:49:39","germanwings copilot received psychiatric treatment serious depressive episode httptcoxlwm5msxrv httptcovwhtjsxrgu","3"
"581386094337474560","27 Mar 2015 09:23:41","rt khjelmgaard german media reporting andreaslubitz serious depressive episode six years ago httptcomudmhpz2ro germanwings","3"
"581386155083620352","27 Mar 2015 09:23:55","andreas lubitiz deemed unsuitable flight duties training germanwings httptconk5ggyuxaa httptcohqpkzd4dsi","3"
"581387966125248512","27 Mar 2015 09:31:07","news germanwings copilot andreas lubitz serious depressive episode bild newspaper 4u9525 httptcobv21wxdxdb","3"
"581394092648710144","27 Mar 2015 09:55:28","breaking german media report germanwings copilot serious depressive episode httptco9asvpxukv8","3"
"581404604677660673","27 Mar 2015 10:37:14","germanwings co pilot new muslim convertislamic state praises herowakeupamerica httptconyefk5wcpm httptcoj195dkgfgu","0"
"581405344288608256","27 Mar 2015 10:40:10","emergency meeting ansar ansar amp ansar lawyers discredit news germanwings copilot muslim convert","0"
"581409613913804800","27 Mar 2015 10:57:08","report germanwings copilot treated depression httptcoewynij23a2","3"
"581411131547320321","27 Mar 2015 11:03:10","breaking germanwings copilot muslim convert httptcoicrwosu1uq","0"
"581437061363675136","27 Mar 2015 12:46:12","german news report copilot germanwings airbus muslim convert hero islamic state httptcojdz3vzuo2k httptconqhmagt6mf","0"
"581450117972144128","27 Mar 2015 13:38:05","german news copilot germanwings airbus muslim convert hero islamic state httptcovmxfnvrjeb httptcocixotboh74","0"
"581460720900050945","27 Mar 2015 14:20:13","germanwings copilot recent muslim convert well psychiatric patient isis lauding hero httptcoj29y3tdjop","0"
"581473088249958400","27 Mar 2015 15:09:22","german news report copilot germanwings airbus muslim convert hero islamic state httptcopw2kxje31m via gatewaypundit","0"
"581479017770979329","27 Mar 2015 15:32:55","germanwings copilot lubitz muslimit wud hv classic terrorism casebut hes brownso clearly mental heath issue","0"
"581546828954411008","27 Mar 2015 20:02:23","breaking german media site says germanwings copilot muslim convert httptcobtkvclmn60 via anyclinic","0"
"581550667753504768","27 Mar 2015 20:17:38","wakeupamerica copilot muslim convert httptcoryfqtvbyblseanhannity greta act4america krisparonto jgilliamseal","0"
